{"cameraMode":{"drawMode":0,"name":"Shaded","section":"Shading Mode"},"sceneLighting":true,"audioPlay":false,"sceneViewState":{"m_AlwaysRefresh":false,"showFog":true,"showSkybox":true,"showFlares":true,"showImageEffects":true,"showParticleSystems":true,"showVisualEffectGraphs":true,"m_FxEnabled":true},"in2DMode":false,"pivot":{"x":0.04084799811244011,"y":-1.2492380142211915,"z":-16.102018356323243},"rotation":{"x":-0.03868880495429039,"y":0.002113129012286663,"z":-0.00014790447312407196,"w":-0.9993091225624085},"size":1.440485954284668,"orthographic":false}