{"cameraMode":{"drawMode":0,"name":"Shaded","section":"Shading Mode"},"sceneLighting":false,"audioPlay":false,"sceneViewState":{"m_AlwaysRefresh":false,"showFog":true,"showSkybox":false,"showFlares":true,"showImageEffects":true,"showParticleSystems":true,"showVisualEffectGraphs":true,"m_FxEnabled":true},"in2DMode":false,"pivot":{"x":0.207334965467453,"y":0.017935506999492646,"z":-0.414669930934906},"rotation":{"x":-0.14951477944850923,"y":0.5107765793800354,"z":-0.09073969721794129,"w":-0.8417498469352722},"size":0.4639618694782257,"orthographic":false}